year,language,abstract_no,status,who,note
2019,eng,data/eng/ADHO-DH/2019/tei/1_Digital_Humanities.xml,done,af,no software found
2019,eng,data/eng/ADHO-DH/2019/tei/AIDA_Toshiaki_Single_Image_Super_Resolution_Approach_to_the_.xml,done,af,no software found
2019,eng,data/eng/ADHO-DH/2019/tei/AKDAG_SALAH_Alkim_Almila_Hidden_in_a_Breath__Tracing_the_Bre.xml,done,af,no software found
2019,eng,data/eng/ADHO-DH/2019/tei/ALASSI_Sepideh_Newton_virtually_meets_Euler_and_Bernoulli.xml,done,af,
2019,eng,data/eng/ADHO-DH/2019/tei/ALEXANDER_Eric_Carlson_Visualizing_Shakespeare_s_Sonic_Signa.xml,done,af,
2019,eng,data/eng/ADHO-DH/2019/tei/ALSHANQITI_Ahmed_Mohammed_Waqf_Libraries_And_The_Digital_Age.xml,done,af,no software found
2019,eng,data/eng/ADHO-DH/2019/tei/AMENDOLA_Cristiano_Epistolary_networks_in_Italian_Humanism__.xml,done,af,
2019,eng,data/eng/ADHO-DH/2019/tei/ANDERSON_Carrie_Jane_Batavia_and_the_Gold_Coast__Mapping_Tex.xml,done,af,
2019,eng,data/eng/ADHO-DH/2019/tei/ANDERSON_Clifford_Blake_Thinking_Computationally_in_the_Digi.xml,done,af,
2019,eng,data/eng/ADHO-DH/2019/tei/ANDRESEN_Melanie_Evaluation_of_a_Semantic_Field_Based_Approa.xml,done,af,
2019,eng,data/eng/ADHO-DH/2019/tei/ANDREWS_Tara_Lee_Continuous_Integration_Systems_for_Critical.xml,done,af,
2019,eng,data/eng/ADHO-DH/2019/tei/ANDRIST_Patrick_Mapping_the_Complexity_of_Ancient_Codices_in.xml,done,af,
2019,eng,data/eng/ADHO-DH/2019/tei/ANTONIETTI_Laura_Modelling_The_Editorial_Reading_Process__Th.xml,done,af,no software found
2019,eng,data/eng/ADHO-DH/2019/tei/ANTONINI_Alessio_Reading_in_Europe___Challenge_and_Case_Stud.xml,done,af,no software found
2019,eng,data/eng/ADHO-DH/2019/tei/APPLEGATE_Matt_Locating_Absence_with_Narrative_Digital_Maps.xml,done,af,
2019,eng,data/eng/ADHO-DH/2019/tei/APPLEGATE_Matt_VR_Video_Production_for_Interactive_Digital_M.xml,done,af,
2019,eng,data/eng/ADHO-DH/2019/tei/ARES_OLIVEIRA_Sofia_A_deep_learning_approach_to_Cadastral_Co.xml,,af,
2019,eng,data/eng/ADHO-DH/2019/tei/ARNOLD_Taylor_Baillie_Cultural_Analysis_of_Spoken_Linguistic.xml,,af,
2019,eng,data/eng/ADHO-DH/2019/tei/ARTHUR_Paul_Tracing_the_Development_of_Digital_Humanities_in.xml,,af,
2019,eng,data/eng/ADHO-DH/2019/tei/ATANASSOVA_Rossitza_Ilieva_A_National_Library_s_digitisation.xml,,af,
2019,eng,data/eng/ADHO-DH/2019/tei/BACKMAN_Agnieszka_Norse_World___The_Complexities_Of_Spatiali.xml,,af,
2019,eng,data/eng/ADHO-DH/2019/tei/BAILLOT_Anne_CAT_tools_in_DH_training.xml,,af,
2019,eng,data/eng/ADHO-DH/2019/tei/BARDIOT_Clarisse_The_Leonardo_Code__Deciphering_50_Years_of_.xml,,af,
2019,eng,data/eng/ADHO-DH/2019/tei/BARGET_Monika_Renate_Complexities_And_Compromise___User_Cent.xml,,af,
2019,eng,data/eng/ADHO-DH/2019/tei/BASARABA_Nicole_Creating_Complex_Digital_Narratives_for_Part.xml,,af,
2019,eng,data/eng/ADHO-DH/2019/tei/BAYRAMOVA_Halila_A_Halt_for_Hearsake__Towards_a_Digital_Gene.xml,,af,
2019,eng,data/eng/ADHO-DH/2019/tei/BEAVAN_David_Data_Science___Digital_Humanities__new_collabor.xml,,af,
2019,eng,data/eng/ADHO-DH/2019/tei/BEELEN_Kaspar_The_Intellectualisation_of_Online_Hate_Speech_.xml,,af,
2019,eng,data/eng/ADHO-DH/2019/tei/BEKIUS_Lamyk_New_Beginnings__Using_Keystroke_Logging_For_Lit.xml,,af,
2019,eng,data/eng/ADHO-DH/2019/tei/BELLIA_Angela_Towards_a_New_Approach_in_the_Study_of_Intangi.xml,,af,
2019,eng,data/eng/ADHO-DH/2019/tei/BENARDOU_Agiatis_APOLLONIS__The_Greek_Infrastructure_for_Dig.xml,,af,
2019,eng,data/eng/ADHO-DH/2019/tei/BENARDOU_Agiatis_A_World_of_Immersive_Experiences__The_Scott.xml,,af,
2019,eng,data/eng/ADHO-DH/2019/tei/BENARDOU_Agiatis_Immersive_Experiences_And_Difficult_Heritag.xml,,af,
2019,eng,data/eng/ADHO-DH/2019/tei/BENATTI_Francesca_Developing_a_Community_of_Practice__The_CH.xml,,af,
2019,eng,data/eng/ADHO-DH/2019/tei/BERM_DEZ_SABEL_Helena_Towards_a_Common_Model_for_European_Po.xml,,af,
2019,eng,data/eng/ADHO-DH/2019/tei/BERRY_David_M__Complexities__Explainability_and_Method.xml,,af,
2019,eng,data/eng/ADHO-DH/2019/tei/BERTI_Monica_Digital_Fragmenta_Historicorum_Graecorum__DFHG_.xml,,af,
2019,eng,data/eng/ADHO-DH/2019/tei/BERTRAND_Paul_COSME____Complexities__30_Years_Of_Research_Of.xml,,af,
2019,eng,data/eng/ADHO-DH/2019/tei/BESHERO_BONDAR_Elisa_The_Frankenstein_Variorum_Challenge__Fi.xml,,af,
2019,eng,data/eng/ADHO-DH/2019/tei/BHATTACHARYYA_Sayan_Digital_Curation_For_World_Literature_Pe.xml,,af,
2019,eng,data/eng/ADHO-DH/2019/tei/BIEBER_Jasmin_Disentangling_the_Hairball__Observing_Internat.xml,,af,
2019,eng,data/eng/ADHO-DH/2019/tei/BJERRING_HANSEN_Jens_Nodes_and_Edges_in_Literary_History__Mo.xml,,af,
2019,eng,data/eng/ADHO-DH/2019/tei/BLACKWELL_Christopher_William_Discoverable_Data_Models_and_E.xml,,af,
2019,eng,data/eng/ADHO-DH/2019/tei/BLAHA_Agnes_Hyper_Audio_Linking___Generating_Hybrids_of_Text.xml,,af,
2019,eng,data/eng/ADHO-DH/2019/tei/BLUDAU_Mark_Jan_Relational_Perspectives_as_Situated_Visualiz.xml,,af,
2019,eng,data/eng/ADHO-DH/2019/tei/BON_Bruno_VELUM___Towards_Innovative_Ways_of_Visualising__Ex.xml,,af,
2019,eng,data/eng/ADHO-DH/2019/tei/BONCH_OSMOLOVSKAYA_Anastasia_The_Complexity_of_Character_bui.xml,,af,
2019,eng,data/eng/ADHO-DH/2019/tei/BONORA_Paolo_E_Pluribus_Unum__a_Uniform_DL_Solution_for_Hist.xml,,af,
2019,eng,data/eng/ADHO-DH/2019/tei/BORDALEJO_Barbara_Diversity_Workshop.xml,,af,
2019,eng,data/eng/ADHO-DH/2019/tei/BOUKHALED_Mohamed_Amine_A_Predictive_Approach_to_Semantic_Ch.xml,,af,
2019,eng,data/eng/ADHO-DH/2019/tei/BOUMA_Gerlof_Building_a_Diachronic_and_Contrastive_Parallel_.xml,,af,
2019,eng,data/eng/ADHO-DH/2019/tei/BRANDO_Carmen_Adapting_a_system_for_Named_Entity_Recognition.xml,,af,
2019,eng,data/eng/ADHO-DH/2019/tei/BROEDER_Daan_A_CLARIAH_Environment_for_Linguistic_Research.xml,,af,
2019,eng,data/eng/ADHO-DH/2019/tei/BROWN_Susan_CWRC_Writer_Design_and_Survival_Strategies__Obse.xml,,af,
2019,eng,data/eng/ADHO-DH/2019/tei/BROWN_Susan_Linked_Literary_History__or_An_Ontology_of_One_s.xml,,af,
2019,eng,data/eng/ADHO-DH/2019/tei/BUDAK_Nicholas_Andrew_Data_Beyond_Vision.xml,,af,
2019,eng,data/eng/ADHO-DH/2019/tei/BUKULA_Andiswa_The_Complexities_Of_The_Representation_Of_Xho.xml,,af,
2019,eng,data/eng/ADHO-DH/2019/tei/BURGHARDT_Manuel_A_Computational_Approach_to_Analyzing_Music.xml,,af,
2019,eng,data/eng/ADHO-DH/2019/tei/BURROWS_Toby_Nicolas_Tracing_the_Complex_History_of_Manuscri.xml,,af,
2019,eng,data/eng/ADHO-DH/2019/tei/BURROWS_Toby_Nicolas_Tracing_the_History_and_Provenance_of_M.xml,,af,
2019,eng,data/eng/ADHO-DH/2019/tei/BUSCH_Anna_Scalable_Exploration__Prototype_Study_For_The_Vis.xml,,af,
2019,eng,data/eng/ADHO-DH/2019/tei/BUSCH_Hannah_Script_Analysis_In_A_World_Of_Anonymous_Writers.xml,,af,
2019,eng,data/eng/ADHO-DH/2019/tei/BUTTERWORTH_Alex_Duncan_Complex_Space_Time.xml,,af,
2019,eng,data/eng/ADHO-DH/2019/tei/BYSZUK_Joanna_Agnieszka_Feature_Selection_in_Authorship_Attr.xml,,af,
2019,eng,data/eng/ADHO-DH/2019/tei/CARBE__Emmanuela_A_Digital_Platform_for_the__Latin_Silk_Road.xml,,af,
2019,eng,data/eng/ADHO-DH/2019/tei/CASTIES_Robert_A_Database_of_Islamic_Scientific_Manuscripts_.xml,,af,
2019,eng,data/eng/ADHO-DH/2019/tei/CERMAKOVA_Anna_Her_Hands_On_Her_Hips__Body_Language_In_Child.xml,,af,
2019,eng,data/eng/ADHO-DH/2019/tei/CHAMPAGNE_Ashley_Designing_the_Database_of_Indigenous_Slaver.xml,,af,
2019,eng,data/eng/ADHO-DH/2019/tei/CHAVEZ_HERAS_Daniel_Alberto_Seen_by_Machine__Computational_S.xml,,af,
2019,eng,data/eng/ADHO-DH/2019/tei/CHAYANI_Mehdi_A_Scientific_Network_Serving_The_Uses_Of_3D_Fo.xml,,af,
2019,eng,data/eng/ADHO-DH/2019/tei/CHENG_Hanghang_Chinese_Dunhuang_Mural_Vocabulary_Constructio.xml,,af,
2019,eng,data/eng/ADHO-DH/2019/tei/CHENG_Jonathan_Enumerating_Gendered_Bodies_In_Two_Centuries_.xml,,af,
2019,eng,data/eng/ADHO-DH/2019/tei/CHUANG_Tyng_Ruey_Maps_Re_imagined__Digital__Informational__a.xml,,af,
2019,eng,data/eng/ADHO-DH/2019/tei/CLARK_Jasmine_Lelis_DH_for_All__Towards_an_Inclusive__Usable.xml,,af,
2019,eng,data/eng/ADHO-DH/2019/tei/CORNELL_Deborah_A_Transatlantic_Collaboration_in_Digital_Hum.xml,,af,
2019,eng,data/eng/ADHO-DH/2019/tei/CRANE_Gregory_Ralph_Confronting_Complexity_of_Babel_in_a_Glo.xml,,af,
2019,eng,data/eng/ADHO-DH/2019/tei/CUMMINGS_James_New_Approaches_to_Women_s_Writing_Virtual_Res.xml,,af,
2019,eng,data/eng/ADHO-DH/2019/tei/CZEDIK_EYSENBERG_Isabella_Deciphering_Lyrical_Topics_in_Musi.xml,,af,
2019,eng,data/eng/ADHO-DH/2019/tei/DAGA_Enrico_Linked_Data_for_the_Humanities__methods_and_tech.xml,,af,
2019,eng,data/eng/ADHO-DH/2019/tei/DALLACHY_Fraser_James__Re_connecting_Complex_Lexical_Data__U.xml,,af,
2019,eng,data/eng/ADHO-DH/2019/tei/DAMEROW_Julia_Luise_I_m_the_One_Building_the_Tool_.xml,,af,
2019,eng,data/eng/ADHO-DH/2019/tei/DAQUINO_Marilena_MAuth___Mining_Authoritativeness_In_Art_His.xml,,af,
2019,eng,data/eng/ADHO-DH/2019/tei/D_AZ_BRAVO_Roc_o_An_Online_Corpus_For_The_Study_Of_Historica.xml,,af,
2019,eng,data/eng/ADHO-DH/2019/tei/DICK_Jonathan__The_Mold_Thats_Branded_On_M_Soul___A_Computat.xml,,af,
2019,eng,data/eng/ADHO-DH/2019/tei/DI_DONATO_Francesca_How_we_designed_galassia_Ariosto.xml,,af,
2019,eng,data/eng/ADHO-DH/2019/tei/DI_LENARDO_Isabella_Repopulating_Paris__massive_extraction_o.xml,,af,
2019,eng,data/eng/ADHO-DH/2019/tei/DILLEN_Wout_IIIFarm__Teaching_Image_Interoperability_on_a_Ra.xml,,af,
2019,eng,data/eng/ADHO-DH/2019/tei/DILLEN_Wout_Web_Accessibility_in_Digital_Scholarly_Editing__.xml,,af,
2019,eng,data/eng/ADHO-DH/2019/tei/DOLLMAN_Melissa_Changing_Lanes__A_Reanimation_Of_Shell_Oil_s.xml,,af,
2019,eng,data/eng/ADHO-DH/2019/tei/DOMBER_Gregory_Frank_Mapping_the_Indefinable__Designing_a_So.xml,,af,
2019,eng,data/eng/ADHO-DH/2019/tei/DOMBROWSKI_Quinn_DARIAH_Beyond_Europe.xml,,af,
2019,eng,data/eng/ADHO-DH/2019/tei/DOMBROWSKI_Quinn_Gender_and_Intersectional_Identities_in_the.xml,,af,
2019,eng,data/eng/ADHO-DH/2019/tei/DOMBROWSKI_Quinn_Methodology_as_Community__Fostering_Collabo.xml,,af,
2019,eng,data/eng/ADHO-DH/2019/tei/DU_Keli_A_Survey_On_LDA_Topic_Modeling_In_Digital_Humanities.xml,,af,
2019,eng,data/eng/ADHO-DH/2019/tei/DUMOUCHEL_Suzanne_CO_OPERAS_IN__Integration_And_Cooperation_.xml,,af,
2019,eng,data/eng/ADHO-DH/2019/tei/DUNST_Alexander_Quantifying_Complexity_in_Multimodal_Media__.xml,,af,
2019,eng,data/eng/ADHO-DH/2019/tei/EBERLE_SINATRA_Michael_Five_years_Later__Looking_Back_on_the.xml,,af,
2019,eng,data/eng/ADHO-DH/2019/tei/EDMOND_Jennifer_C_Digital_Humanities__Knowledge_Complexity_a.xml,,af,
2019,eng,data/eng/ADHO-DH/2019/tei/EHRMANN_Maud_Named_Entity_Processing_for_Digital_Humanities.xml,,af,
2019,eng,data/eng/ADHO-DH/2019/tei/EISAZADEH_Negin_Digital_Documentation_of_Abandoned_Heritage_.xml,,af,
2019,eng,data/eng/ADHO-DH/2019/tei/EL_KHATIB_Randa_An__Open_Lab___The_Electronic_Textual_Cultur.xml,,af,
2019,eng,data/eng/ADHO-DH/2019/tei/ENDRES_Bill_Sublime_Complexities_and_Extensive_Possibilities.xml,,af,
2019,eng,data/eng/ADHO-DH/2019/tei/EROL_Emre_Visualizing_A_Prosopographical_Study_Of_The_Young_.xml,,af,
2019,eng,data/eng/ADHO-DH/2019/tei/ESCOBAR_VARELA_Miguel_Scholarly_Multimedia_Editions_for_Thea.xml,,af,
2019,eng,data/eng/ADHO-DH/2019/tei/ESPOSITO_Eleonora_Towards_a_Critical_Approach_to_Digitally_M.xml,,af,
2019,eng,data/eng/ADHO-DH/2019/tei/FARRELL_Jeremy_From_Reductionism_to_Complexity__A_Digital_Co.xml,,af,
2019,eng,data/eng/ADHO-DH/2019/tei/FISCHER_Frank_Programmable_Corpora__Introducing_DraCor__an_I.xml,,af,
2019,eng,data/eng/ADHO-DH/2019/tei/FOLETTO_Leonardo_Feltrin_Towards_An_Epistemology_Of__Gambiar.xml,,af,
2019,eng,data/eng/ADHO-DH/2019/tei/FRAGKIADAKIS_Manolis_To_Sign_or_not_to_Sign__Automated_Gener.xml,,af,
2019,eng,data/eng/ADHO-DH/2019/tei/FRANK_Ingo_Diagramming_the_Complexities_of_Historical_Proces.xml,,af,
2019,eng,data/eng/ADHO-DH/2019/tei/FRANZINI_Greta_LiLa__Linking_Latin__Building_a_Knowledge_Bas.xml,,af,
2019,eng,data/eng/ADHO-DH/2019/tei/FREEDMAN_Richard_The_Quotable_Musical_Text_in_a_Digital_Age_.xml,,af,
2019,eng,data/eng/ADHO-DH/2019/tei/FRIELER_Klaus_Anatomy_of_a_Lick__Structure___Variants__Histo.xml,,af,
2019,eng,data/eng/ADHO-DH/2019/tei/FRONTINI_Francesca_Indexing_and_Linking_Text_in_a_Large_Body.xml,,af,
2019,eng,data/eng/ADHO-DH/2019/tei/GABAY_Simon_A_Workflow_For_On_The_Fly_Normalisation_Of_17th_.xml,,af,
2019,eng,data/eng/ADHO-DH/2019/tei/GALLERON_Ioana_Stylometric_Analyses_of_Character_Speeches_in.xml,,af,
2019,eng,data/eng/ADHO-DH/2019/tei/GARNETT_Vicky_Developing_and_Integrating_Training_Materials_.xml,,af,
2019,eng,data/eng/ADHO-DH/2019/tei/GARNETT_Vicky_Early_Career_Researchers_and_Research_Infrastr.xml,,af,
2019,eng,data/eng/ADHO-DH/2019/tei/GAWLEY_James_O_Brien_An_Unsupervised_Lemmatization_Model_for.xml,,af,
2019,eng,data/eng/ADHO-DH/2019/tei/GECK_John_A__Developing_MORROIS__Mapping_of_Romance_Realms_a.xml,,af,
2019,eng,data/eng/ADHO-DH/2019/tei/GIANNELLA_Julia_Liquid_Galaxy_Visualization_of_IMS_s_Photogr.xml,,af,
2019,eng,data/eng/ADHO-DH/2019/tei/GONZALEZ_PEREZ_Cesar_Conceptual_Modelling_of_Subjectivity__T.xml,,af,
2019,eng,data/eng/ADHO-DH/2019/tei/GOODING_Paul_Matthew_Subjectifying_Library_Users_to_the_Macr.xml,,af,
2019,eng,data/eng/ADHO-DH/2019/tei/GRABSCH_Sascha_Four_Years_of_correspSearch___Challenges__Pot.xml,,af,
2019,eng,data/eng/ADHO-DH/2019/tei/GRANDJEAN_Martin_Translating_Networks.xml,,af,
2019,eng,data/eng/ADHO-DH/2019/tei/GRANHOLM_Patrik_A_Digital_Catalogue_of_Medieval_and_Early_Mo.xml,,af,
2019,eng,data/eng/ADHO-DH/2019/tei/GRINCHEVA_Natalia_Re_inventing_the_Past_Through_Singapore_Me.xml,,af,
2019,eng,data/eng/ADHO-DH/2019/tei/GROSSNER_Karl_World_Historical_Gazetteer.xml,,af,
2019,eng,data/eng/ADHO-DH/2019/tei/HAIDER_Thomas_Nikolaus_Diachronic_Topics_in_New_High_German_.xml,,af,
2019,eng,data/eng/ADHO-DH/2019/tei/HALL_Elliott_Misremembering_Machines__A_Creative_Collaborati.xml,,af,
2019,eng,data/eng/ADHO-DH/2019/tei/HANNEKEN_Todd_R__Deep_Digitization__Considerations_and_Tools.xml,,af,
2019,eng,data/eng/ADHO-DH/2019/tei/HANNESSCHL_GER_Vanessa_Copyright_and_Humanities_Research__A_.xml,,af,
2019,eng,data/eng/ADHO-DH/2019/tei/HASHIMOTO_Takako_The_Narrow_Scopes_of_Fake_News__Detecting_F.xml,,af,
2019,eng,data/eng/ADHO-DH/2019/tei/HEIDEN_Serge_Coping_With_The_Complexity_Of_The_TXM_Platform_.xml,,af,
2019,eng,data/eng/ADHO-DH/2019/tei/HELLING_Patrick__The_Role_Of_Data_Archives_In_The_Humanities.xml,,af,
2019,eng,data/eng/ADHO-DH/2019/tei/HELMREICH_Anne_Art_History_and_Big_Data__Complex_Collaborati.xml,,af,
2019,eng,data/eng/ADHO-DH/2019/tei/HENGCHEN_Simon_A_data_driven_approach_to_the_changing_vocabu.xml,,af,
2019,eng,data/eng/ADHO-DH/2019/tei/HERN_NDEZ_LORENZO_Laura_Challenging_Stylometry__The_Authorsh.xml,,af,
2019,eng,data/eng/ADHO-DH/2019/tei/HERRMANN_J__Berenike_Pre_Conference_Workshop__DLS_Tool_Criti.xml,,af,
2019,eng,data/eng/ADHO-DH/2019/tei/HESS_Leopold_Quantifying_narrative_perspective_in_Ancient_Gr.xml,,af,
2019,eng,data/eng/ADHO-DH/2019/tei/HEUSER_Ryan_James_Digital_Animal_Studies__Modeling_Anthropom.xml,,af,
2019,eng,data/eng/ADHO-DH/2019/tei/HEUVEL_Charles_van_den_Embracing_Complex_Interfaces_Linking_.xml,,af,
2019,eng,data/eng/ADHO-DH/2019/tei/H_GER_Frank_Digging_Into_Pattern_Usage_Within_Jazz_Improvisa.xml,,af,
2019,eng,data/eng/ADHO-DH/2019/tei/HIGGINS_Devin_Disciplinary_Topologies__Using_dissertations_t.xml,,af,
2019,eng,data/eng/ADHO-DH/2019/tei/HILL_Mark_J__Patterns_of_Early_Modern_Authorship__Using_Meta.xml,,af,
2019,eng,data/eng/ADHO-DH/2019/tei/HLAD_K_Radim_Semantics_of_Shame_in_Social_Media_Discussions_.xml,,af,
2019,eng,data/eng/ADHO-DH/2019/tei/HOLLOWAY_ATTAWAY_Lissa_Difficult_Play__Developing_Games_with.xml,,af,
2019,eng,data/eng/ADHO-DH/2019/tei/HOMBURG_Timo_Paleo_Codage___A_machine_readable_way_to_descri.xml,,af,
2019,eng,data/eng/ADHO-DH/2019/tei/HOMBURG_Timo_Towards_Creating_A_Best_Practice_Digital_Proces.xml,,af,
2019,eng,data/eng/ADHO-DH/2019/tei/HOOVER_David_L__The_Invisible_Translator_Revisited.xml,,af,
2019,eng,data/eng/ADHO-DH/2019/tei/HOOVER_David_L__The_Prepare_and_Visualize_Mallet_Data_Spread.xml,,af,
2019,eng,data/eng/ADHO-DH/2019/tei/HOUSTON_Natalie_M_An_Evaluation_of_Rhyme_Detection_Using_His.xml,,af,
2019,eng,data/eng/ADHO-DH/2019/tei/HOWANITZ_Gernot_Deep_Watching__Towards_New_Methods_of_Analyz.xml,,af,
2019,eng,data/eng/ADHO-DH/2019/tei/HUGHES_Lorna__The_Ties_That_Bind___The_Creation__Use__And_Su.xml,,af,
2019,eng,data/eng/ADHO-DH/2019/tei/HUIJNEN_Pim_Buy_Healthy__Tasty__Pure__A_Digital_Text_Analysi.xml,,af,
2019,eng,data/eng/ADHO-DH/2019/tei/HU_Jiajia_Using_Network_Analysis_to_Do_Traditional_Chinese_P.xml,,af,
2019,eng,data/eng/ADHO-DH/2019/tei/HULDEN_Vilja_Labor_Witnesses_at_U_S__Congressional_Hearings_.xml,,af,
2019,eng,data/eng/ADHO-DH/2019/tei/HUNG_Jen_Jou_Exploring_Intertextuality_in_the_Mahoyoga_Secti.xml,,af,
2019,eng,data/eng/ADHO-DH/2019/tei/HYV_NEN_Eero_Relational_Search_in_Cultural_Heritage_Linked_D.xml,,af,
2019,eng,data/eng/ADHO-DH/2019/tei/IASHCHENKO_Iuliia_Vladimirovna_Remember_How__The_Place_of_Vi.xml,,af,
2019,eng,data/eng/ADHO-DH/2019/tei/IJAZ_Ali_Zeeshan_Analytical_Edition_Detection_In_Bibliograph.xml,,af,
2019,eng,data/eng/ADHO-DH/2019/tei/ILVANIDOU_Maria_And_The_First_One_Now_Will_Later_Be_Last__Fo.xml,,af,
2019,eng,data/eng/ADHO-DH/2019/tei/IMPETT_Leonardo_Laurence_Early_Modern_Computer_Vision.xml,,af,
2019,eng,data/eng/ADHO-DH/2019/tei/IONOV_Max_Lemmatizing_Low_resource__Less_researched_Language.xml,,af,
2019,eng,data/eng/ADHO-DH/2019/tei/IONOV_Max_Linking_the_TEI__Approaches__Limitations__Use_Case.xml,,af,
2019,eng,data/eng/ADHO-DH/2019/tei/IROLLO_Alba_Next_Generation_Research_with_Europeana__the_Hum.xml,,af,
2019,eng,data/eng/ADHO-DH/2019/tei/ISLAM_Jumayel_Tension_Analysis_in_Survivor_Interviews__A_Com.xml,,af,
2019,eng,data/eng/ADHO-DH/2019/tei/IVANOV_Lubomir_Comparing_Assonance_and_Consonance_for_Author.xml,,af,
2019,eng,data/eng/ADHO-DH/2019/tei/JAKACKI_Diane_Katherine_ADHO_SIG_for_Digital_Humanities_Peda.xml,,af,
2019,eng,data/eng/ADHO-DH/2019/tei/JAKACKI_Diane_Katherine_Encoding_the__Floating_Gap___Linking.xml,,af,
2019,eng,data/eng/ADHO-DH/2019/tei/JAKACKI_Diane_Katherine_Who_Teaches_When_We_Teach_DH_.xml,,af,
2019,eng,data/eng/ADHO-DH/2019/tei/JANCO_Andrew_Introduction_to_Natural_Language_Processing_for.xml,,af,
2019,eng,data/eng/ADHO-DH/2019/tei/JANDER_Melina_Leonie_Towards_Tool_Criticism__Complementing_M.xml,,af,
2019,eng,data/eng/ADHO-DH/2019/tei/J_NICKE_Stefan_The_Value_of_Tag_Cloud_Visualizations_for_Tex.xml,,af,
2019,eng,data/eng/ADHO-DH/2019/tei/JOFFRES_Adeline__Building_community__at_the_National_and_or_.xml,,af,
2019,eng,data/eng/ADHO-DH/2019/tei/JOFFRES_Adeline_Open_Data__Open_Edition__How_Can_the_Inferen.xml,,af,
2019,eng,data/eng/ADHO-DH/2019/tei/JONES_Nicole_Madeleine_Adair_Recreating_Dante_s_Commedia_in_.xml,,af,
2019,eng,data/eng/ADHO-DH/2019/tei/JUNGINGER_Pauline_Close_Up_Cloud__Gaining_A_Sense_Of_Overvie.xml,,af,
2019,eng,data/eng/ADHO-DH/2019/tei/JUNG_Ji_Young_Digitalizing_Old_Diary_and_Reading_Multi_layer.xml,,af,
2019,eng,data/eng/ADHO-DH/2019/tei/KABADAYI_M__Erdem_A_Geo_Sampling_Model_To_Analyse_Micro_Leve.xml,,af,
2019,eng,data/eng/ADHO-DH/2019/tei/KAMPOSIORI_Christina_Embedding_Creativity_Into_Digital_Resou.xml,,af,
2019,eng,data/eng/ADHO-DH/2019/tei/KAMPOSIORI_Christina_The_Library_In_The_Digital_Humanities__.xml,,af,
2019,eng,data/eng/ADHO-DH/2019/tei/KARJUS_Andres_Attractive__Interactive__Ready_for_the_Web__Vi.xml,,af,
2019,eng,data/eng/ADHO-DH/2019/tei/KARROUCHE_Norah_Still_Waters_Run_Deep__Including_Minority_Vo.xml,,af,
2019,eng,data/eng/ADHO-DH/2019/tei/KATAYAMA_Kurumi_Construction_of_a_Corpus_of__Christian_Mater.xml,,af,
2019,eng,data/eng/ADHO-DH/2019/tei/KATSMA_Holst_The_Novel_And_The_Quotation_Mark.xml,,af,
2019,eng,data/eng/ADHO-DH/2019/tei/KAUFMAN_Micki_XR_in_DH__Extended_Reality_in_the_Digital_Huma.xml,,af,
2019,eng,data/eng/ADHO-DH/2019/tei/KAWASE_Akihiro_Extracting_Drum_Patterns_in_Traditional_Folk_.xml,,af,
2019,eng,data/eng/ADHO-DH/2019/tei/KEEGAN_Tom_Getting_Things_Done__Administrative_Tips__Tricks_.xml,,af,
2019,eng,data/eng/ADHO-DH/2019/tei/KELLY_Aodh_n_Accelerating_DH_Education.xml,,af,
2019,eng,data/eng/ADHO-DH/2019/tei/KEYDAR_Renana__Fear_in_your_Eyes___Analyzing_Threat_Percepti.xml,,af,
2019,eng,data/eng/ADHO-DH/2019/tei/KHAN_Fahad_Historical_Dictionaries_as_Digital_Editions_and_C.xml,,af,
2019,eng,data/eng/ADHO-DH/2019/tei/KIESSLING_Benjamin_Kraken___an_Universal_Text_Recognizer_for.xml,,af,
2019,eng,data/eng/ADHO-DH/2019/tei/KIKUCHI_Nobuhiko_Branding_East_Asian_Cultural_Studies_By__Op.xml,,af,
2019,eng,data/eng/ADHO-DH/2019/tei/KIL_Aleksandra_Maria_Index_Cards_and_the_Analog_Humanities__.xml,,af,
2019,eng,data/eng/ADHO-DH/2019/tei/KIZHNER_Inna_Measuring_Bias_in_Aggregated_Digitised_Content_.xml,,af,
2019,eng,data/eng/ADHO-DH/2019/tei/KLAPPENBACH_Lou_QuoteSalute___Inspiring_Greetings_for_Your_C.xml,,af,
2019,eng,data/eng/ADHO-DH/2019/tei/KLEYMANN_Rabea_Prototypes_as_Proto_Theory__A_Plea_for_digita.xml,,af,
2019,eng,data/eng/ADHO-DH/2019/tei/KOCH_Carina_Digital_Edition_and_Analysis_of_the_Mediality_of.xml,,af,
2019,eng,data/eng/ADHO-DH/2019/tei/KOKAZE_Naoki_Towards_Constructing_An_Ecosystem_for_Digital_S.xml,,af,
2019,eng,data/eng/ADHO-DH/2019/tei/KOLLATZ_Thomas_Living_apart_together__Research_across_Reposi.xml,,af,
2019,eng,data/eng/ADHO-DH/2019/tei/KOLLATZ_Thomas_XML2RDF___Extracting_RDF_Statements_From_XML_.xml,,af,
2019,eng,data/eng/ADHO-DH/2019/tei/KONLE_Leonard_Detection_of_Scenes_in_Fiction.xml,,af,
2019,eng,data/eng/ADHO-DH/2019/tei/KONLE_Leonard_Thematic_complexity.xml,,af,
2019,eng,data/eng/ADHO-DH/2019/tei/KOZAK_Micha__A_tool_for_multifaceted_analysis_of_the_Old_Pol.xml,,af,
2019,eng,data/eng/ADHO-DH/2019/tei/KOZHEVNIKOVA_Yulia_Topography_of_Character_s_Body__a_Case_of.xml,,af,
2019,eng,data/eng/ADHO-DH/2019/tei/KRASNIKOVA_Anna_Traditional_Methods_Of_Textual_Criticism_Vs_.xml,,af,
2019,eng,data/eng/ADHO-DH/2019/tei/KRETZSCHMAR_William_Visualization_of_Big_Data_Phonetics.xml,,af,
2019,eng,data/eng/ADHO-DH/2019/tei/KRUIJT_Anne_VinKo__Language_Documentation_Through_Digital_Cr.xml,,af,
2019,eng,data/eng/ADHO-DH/2019/tei/KR_UTLI_Florian_Calculating_Sameness__Identifying_Image_Reus.xml,,af,
2019,eng,data/eng/ADHO-DH/2019/tei/KUBIS_Marek_Quantitative_Analysis_of_Character_Networks_in_P.xml,,af,
2019,eng,data/eng/ADHO-DH/2019/tei/LAHTI_Leo_The_Emerging_Paradigm_of_Bibliographic_Data_Scienc.xml,,af,
2019,eng,data/eng/ADHO-DH/2019/tei/LANG_Anouk_Database_Aesthetics_and_Ergodic_Ephemerality__Rem.xml,,af,
2019,eng,data/eng/ADHO-DH/2019/tei/LANG_Anouk_Using_Data_Visualization_to_Explore_International.xml,,af,
2019,eng,data/eng/ADHO-DH/2019/tei/LANG_Sabine_Finding_Visual_Patterns_in_Artworks__An_Interact.xml,,af,
2019,eng,data/eng/ADHO-DH/2019/tei/LARROUSSE_Nicolas_A_Techno_Human_Mesh_for_Humanities_in_Fran.xml,,af,
2019,eng,data/eng/ADHO-DH/2019/tei/LARROUSSE_Nicolas__Un_Manuscrit_Naturellement___Rescuing_a_l.xml,,af,
2019,eng,data/eng/ADHO-DH/2019/tei/LASSCHE_Alie_Repetition_And_Popularity_In_Early_Modern_Songs.xml,,af,
2019,eng,data/eng/ADHO-DH/2019/tei/LASSNER_David_Attributions_Of_Early_German_Shakespeare_Trans.xml,,af,
2019,eng,data/eng/ADHO-DH/2019/tei/LEAVY_Susan_Migration_and_Biopolitics_in_Cultural_Memory__Co.xml,,af,
2019,eng,data/eng/ADHO-DH/2019/tei/LEBLANC_Elina_Which_Services_for_User_Participation__Represe.xml,,af,
2019,eng,data/eng/ADHO-DH/2019/tei/LICERAS_GARRIDO_Raquel_Theorising_the_Spatial_Humanities.xml,,af,
2019,eng,data/eng/ADHO-DH/2019/tei/LICERAS_GARRIDO_Raquel_Training_NLP_Models_for_the_Analysis_.xml,,af,
2019,eng,data/eng/ADHO-DH/2019/tei/LIEM_Johannes_Conveying_Uncertainty_in_Archived_War_Diaries_.xml,,af,
2019,eng,data/eng/ADHO-DH/2019/tei/LIGUORI_Maria_Chiara_I_Media_Cities__A_Digital_Ecosystem_Enr.xml,,af,
2019,eng,data/eng/ADHO-DH/2019/tei/LIGUORI_Maria_Chiara_More_Than_Just_CG__Storytelling_And_Mix.xml,,af,
2019,eng,data/eng/ADHO-DH/2019/tei/LI_Hui_Dishes_on_the_menu__Turning_Historic_Menu_into_Menu_N.xml,,af,
2019,eng,data/eng/ADHO-DH/2019/tei/LIU_Chao_Lin_Onto_Word_Segmentation_of_the_Complete_Tang_Poe.xml,,af,
2019,eng,data/eng/ADHO-DH/2019/tei/LIU_Chao_Lin_Toward_Building_Chronicles_from_Biographies_in_.xml,,af,
2019,eng,data/eng/ADHO-DH/2019/tei/LI_Weixuan_Visualizing_Networks_of_Artistic_Ideas_in_History.xml,,af,
2019,eng,data/eng/ADHO-DH/2019/tei/LOGAN_Peter_M_Knowledge_Representation__Old__New__and_Automa.xml,,af,
2019,eng,data/eng/ADHO-DH/2019/tei/LOPES_Patricia_Simulating_Historical_Flows_And_Connection__T.xml,,af,
2019,eng,data/eng/ADHO-DH/2019/tei/LORENZINI_Matteo_Computer_Assisted_Curation_of_Digital_Cultu.xml,,af,
2019,eng,data/eng/ADHO-DH/2019/tei/MAL_NEK_Vojt_ch_Czech_Literary_Bibliography__Database_Mirror.xml,,af,
2019,eng,data/eng/ADHO-DH/2019/tei/MANCINELLI_Tiziana_Modelling_a_Catalogue__Bilingual_texts_in.xml,,af,
2019,eng,data/eng/ADHO-DH/2019/tei/MANDELL_Laura_C_Cutting_the_Gordian_Knot__Sustaining_Digital.xml,,af,
2019,eng,data/eng/ADHO-DH/2019/tei/MANJAVACAS_AR_VALO_Enrique_A_Robot_s_Street_Credibility__Mod.xml,,af,
2019,eng,data/eng/ADHO-DH/2019/tei/MARJANEN_Jani_Book_Formats_and_Reading_Habits_in_Early_Moder.xml,,af,
2019,eng,data/eng/ADHO-DH/2019/tei/MARTIN_Kim_Humanities_Centered_Design_Features__Emergent_Ser.xml,,af,
2019,eng,data/eng/ADHO-DH/2019/tei/MARTIN_Kim_Ontologies_for_Linked_Data_in_the_Humanities_Spon.xml,,af,
2019,eng,data/eng/ADHO-DH/2019/tei/MCKAY_Cory_Lessons_Learned_in_a_Large_Scale_Project_to_Digit.xml,,af,
2019,eng,data/eng/ADHO-DH/2019/tei/MCKEE_Sarah_E__DH_And_The_Evolving_Monograph.xml,,af,
2019,eng,data/eng/ADHO-DH/2019/tei/MEISTER_Jan_Christoph_Digital_Synesthesia_or_the_Point_Of_th.xml,,af,
2019,eng,data/eng/ADHO-DH/2019/tei/MELKA_Fabrice_A_New_Journey_Through_Shared_Ethnological_Arch.xml,,af,
2019,eng,data/eng/ADHO-DH/2019/tei/MELLET_Margot_Lise_Palatine_Anthology__Complexity_for_a_digi.xml,,af,
2019,eng,data/eng/ADHO-DH/2019/tei/MENESES_Luis_A_Framework_to_Quantify_the_Signs_of_Abandonmen.xml,,af,
2019,eng,data/eng/ADHO-DH/2019/tei/MERO_O_PE_UELA_Albert_The_Oldest_Song_Score_in_the_Newest_No.xml,,af,
2019,eng,data/eng/ADHO-DH/2019/tei/MEYER_SICKENDIEK_Burkhard_From_Fluency_To_Disfluency__Rankin.xml,,af,
2019,eng,data/eng/ADHO-DH/2019/tei/MILLIKAN_Neal_The_Diaries_of_John_Quincy_Adams_Digital_Proje.xml,,af,
2019,eng,data/eng/ADHO-DH/2019/tei/MIMNO_David_The_Sonnet_Stretcher.xml,,af,
2019,eng,data/eng/ADHO-DH/2019/tei/MISHINA_Ekaterina__Open_List___How_to_Collect_Primary_Data_o.xml,,af,
2019,eng,data/eng/ADHO-DH/2019/tei/MITCHELL_Olivia_The_Begums_of_Bhopal__Digital_Metadata_Analy.xml,,af,
2019,eng,data/eng/ADHO-DH/2019/tei/MIYAKE_Maki_Applying_Measures_of_Lexical_Diversity_to_Classi.xml,,af,
2019,eng,data/eng/ADHO-DH/2019/tei/M_KEL__Eetu_Charting_the_Material_Development_of_Newspapers.xml,,af,
2019,eng,data/eng/ADHO-DH/2019/tei/MOISICH_Oliver_Multimedia_Markup_Editor__M3___A_Semi_automat.xml,,af,
2019,eng,data/eng/ADHO-DH/2019/tei/MOL_Angus_A__A__Gaming_Genres__Using_Crowd_Sourced_Tags_to_E.xml,,af,
2019,eng,data/eng/ADHO-DH/2019/tei/MOLINEAUX_Benjamin_Joseph_The_Corpus_of_Historical_Mapudungu.xml,,af,
2019,eng,data/eng/ADHO-DH/2019/tei/MONDACA_Francisco_C_SALT_APIs___Connecting_and_Exposing_Hete.xml,,af,
2019,eng,data/eng/ADHO-DH/2019/tei/MORCOS_Hannah_Jane_Digital_Edition_And_Linguistic_Database__.xml,,af,
2019,eng,data/eng/ADHO-DH/2019/tei/MORENT_Stefan_Sacred_Sound___Sacred_Space__In_Search_Of_Lost.xml,,af,
2019,eng,data/eng/ADHO-DH/2019/tei/M_SZ_ROS_Tam_s_DHmine__an_Open_Source_Cloud_based_Framework_.xml,,af,
2019,eng,data/eng/ADHO-DH/2019/tei/MURRIETA_FLORES_Patricia_ADHO_Geohumanities_SIG_Conversation.xml,,af,
2019,eng,data/eng/ADHO-DH/2019/tei/NAGASAKI_Kiyonori_A_Collaborative_System_for_Digital_Researc.xml,,af,
2019,eng,data/eng/ADHO-DH/2019/tei/NEBIOLO_Molly_E__The_Birth_of_Boston__Reconstructing_Boston_.xml,,af,
2019,eng,data/eng/ADHO-DH/2019/tei/NEUEFEIND_Claes_Sustaining_the_Musical_Competitions_Database.xml,,af,
2019,eng,data/eng/ADHO-DH/2019/tei/NEWTON_Greg_T_Project_Endings__Early_Impressions_From_Our_Re.xml,,af,
2019,eng,data/eng/ADHO-DH/2019/tei/NICHOLS_Jennifer_Digital_Humanities_Services_in_Academic_Lib.xml,,af,
2019,eng,data/eng/ADHO-DH/2019/tei/NIEVES_Angel_David_3D_Scholarly_Digital_Editions__Requiremen.xml,,af,
2019,eng,data/eng/ADHO-DH/2019/tei/NIJBOER_Harm_Unthinking_Rubens_and_Rembrandt__Counterfactual.xml,,af,
2019,eng,data/eng/ADHO-DH/2019/tei/NISHIOKA_Chifumi_Log_Analysis_Method_towards_Understanding_D.xml,,af,
2019,eng,data/eng/ADHO-DH/2019/tei/NOORDEGRAAF_Julia_Semantic_Deep_Mapping_in_an_Integrated_Pla.xml,,af,
2019,eng,data/eng/ADHO-DH/2019/tei/NURMIKKO_FULLER_Terhi_Maija_Analysis_and_Visualization_of_Na.xml,,af,
2019,eng,data/eng/ADHO-DH/2019/tei/NURY_Elisa_Comparing_diagrams_in_Euclid_s_Elements.xml,,af,
2019,eng,data/eng/ADHO-DH/2019/tei/NYHAN_Julianne_The_Application_of_HTR_to_Early_modern_Museum.xml,,af,
2019,eng,data/eng/ADHO-DH/2019/tei/OCHAB_Jeremi_K__How_To_Detect_Coup_d__tat_800_Years_Later.xml,,af,
2019,eng,data/eng/ADHO-DH/2019/tei/ODEBRECHT_Carolin_A_Model_to_model_Approach_for_Developing_C.xml,,af,
2019,eng,data/eng/ADHO-DH/2019/tei/ODIJK_Jan_Faceted_Search_for_Discovering_Software.xml,,af,
2019,eng,data/eng/ADHO-DH/2019/tei/O_DONNELL_Daniel_Paul_Publishing__and_Forgetting__the_Small_.xml,,af,
2019,eng,data/eng/ADHO-DH/2019/tei/OIVA_Mila_Culture_Analytics_Workshop___time_series.xml,,af,
2019,eng,data/eng/ADHO-DH/2019/tei/OLIEMAN_Alex_Semantic_Corpus_Exploration.xml,,af,
2019,eng,data/eng/ADHO-DH/2019/tei/PAGE_Kevin_A_Layered_Digital_Library_for_Cataloguing_and_Res.xml,,af,
2019,eng,data/eng/ADHO-DH/2019/tei/PALLADINO_Chiara_Using_Linked_Open_Data_to_Navigate_the_Past.xml,,af,
2019,eng,data/eng/ADHO-DH/2019/tei/PALLAN_GAYOL_Carlos_Managing_Ancient_Textual_Corpora_through.xml,,af,
2019,eng,data/eng/ADHO-DH/2019/tei/PAN_UR_Andrej_Digital_Database_of_WWI_Victims_from_Slovenia_.xml,,af,
2019,eng,data/eng/ADHO-DH/2019/tei/PARISSE_Christophe_The_CORLI_Consortium__CORpus__Languages_a.xml,,af,
2019,eng,data/eng/ADHO-DH/2019/tei/PENG_Yi_Fan_Some_GIS_Based_Analysis_of_the_Complete_Taiwan_P.xml,,af,
2019,eng,data/eng/ADHO-DH/2019/tei/PENSO_Andrea_A_Digital_Enquiry_On_The_Italian_Reception_Of_T.xml,,af,
2019,eng,data/eng/ADHO-DH/2019/tei/PERONI_Silvio_The_Open_Citations_Movement.xml,,af,
2019,eng,data/eng/ADHO-DH/2019/tei/PETROLLINO_Sara_African_Languages_And_Digital_Humanities__Ch.xml,,af,
2019,eng,data/eng/ADHO-DH/2019/tei/PIELSTR_M_Steffen_Identifying_Similarities_in_Text_Analysis_.xml,,af,
2019,eng,data/eng/ADHO-DH/2019/tei/PIELSTR_M_Steffen_Topic_Modeling_with_Interactive_Visualizat.xml,,af,
2019,eng,data/eng/ADHO-DH/2019/tei/PINCHE_Ariane_Stylometry_for_Noisy_Medieval_Data__Evaluating.xml,,af,
2019,eng,data/eng/ADHO-DH/2019/tei/POHLMANN_Jens_Diving_Into_The_Complexities_Of_The_Tech_Blog_.xml,,af,
2019,eng,data/eng/ADHO-DH/2019/tei/POHL_Oliver_Paving_the_Way_to_Linked_Open_Data__Evaluating_t.xml,,af,
2019,eng,data/eng/ADHO-DH/2019/tei/PORTER_J_D__Microgenres.xml,,af,
2019,eng,data/eng/ADHO-DH/2019/tei/POTVIN_Sarah_ADHO_Libraries_and_Digital_Humanities_SIG_Pre_c.xml,,af,
2019,eng,data/eng/ADHO-DH/2019/tei/POVROZNIK_Nadezhda_Georgievna_Documentation_of_Digital_Herit.xml,,af,
2019,eng,data/eng/ADHO-DH/2019/tei/PRIEWE_Marc_Oceanic_Exchanges__Transnational_Textual_Migrati.xml,,af,
2019,eng,data/eng/ADHO-DH/2019/tei/PUE_A__Sean_Visualizing_Poetic_Meter_in_South_Asian_Language.xml,,af,
2019,eng,data/eng/ADHO-DH/2019/tei/PUREN_M_P__Improving_the_understanding_and_preservation_of_E.xml,,af,
2019,eng,data/eng/ADHO-DH/2019/tei/PYTLOWANY_Anna_A_European_Hindustani_Dictionary__Reflections.xml,,af,
2019,eng,data/eng/ADHO-DH/2019/tei/RACITI_Marco_How_to_Sustain_an_International_Digital_Infrast.xml,,af,
2019,eng,data/eng/ADHO-DH/2019/tei/RAJAN_Vinodh_Advanced_Manuscript_Analysis_Portal__AMAP___An_.xml,,af,
2019,eng,data/eng/ADHO-DH/2019/tei/REBASTI_Francesca_The_Problem_of_Hobbes_and_the_Bible__A_Tex.xml,,af,
2019,eng,data/eng/ADHO-DH/2019/tei/REBORA_Simone_Digital_Humanities_for_the_Study_of_Social_Rea.xml,,af,
2019,eng,data/eng/ADHO-DH/2019/tei/RECKZIEGEL_Martin_Using_Visualization_to_Understand_the_Comp.xml,,af,
2019,eng,data/eng/ADHO-DH/2019/tei/RIDGE_Mia_The_Past__Present_and_Future_of_Digital_Scholarshi.xml,,af,
2019,eng,data/eng/ADHO-DH/2019/tei/RIES_Thorsten_Born_Digital_Archives_A_Digital_Forensic_Persp.xml,,af,
2019,eng,data/eng/ADHO-DH/2019/tei/RIVARD_Courtney_J__Publishing_Digital_History__Integrating_M.xml,,af,
2019,eng,data/eng/ADHO-DH/2019/tei/ROBERTS_SMITH_Jennifer_Performing_Historical_Place__Leveragi.xml,,af,
2019,eng,data/eng/ADHO-DH/2019/tei/RODIER_Xavier_Digital_Ecosystem_For_The_French_Archaeologica.xml,,af,
2019,eng,data/eng/ADHO-DH/2019/tei/ROE_Glenn_H_Enlightenment_Legacies__Sequence_Alignment_and_T.xml,,af,
2019,eng,data/eng/ADHO-DH/2019/tei/ROJAS_CASTRO_Antonio_Designing_Multilingual_Digital_Pedagogy.xml,,af,
2019,eng,data/eng/ADHO-DH/2019/tei/ROMANOV_Maxim_Open_Islamicate_Texts_Initiative__a_Machine_Re.xml,,af,
2019,eng,data/eng/ADHO-DH/2019/tei/ROMANOV_Maxim_Orbis_in_a_Box__OIB___Modeling_Historical_Geog.xml,,af,
2019,eng,data/eng/ADHO-DH/2019/tei/ROMEIN_Christel_Annemieke_Entangled_Histories_of_Early_Moder.xml,,af,
2019,eng,data/eng/ADHO-DH/2019/tei/ROMERO_L_PEZ_Dolores_Interactive_Reading_of_the_Silver_Age__.xml,,af,
2019,eng,data/eng/ADHO-DH/2019/tei/ROS_Ruben_Conceptual_Vocabularies_and_Changing_Meanings_of__.xml,,af,
2019,eng,data/eng/ADHO-DH/2019/tei/ROS_Ruben_Disentangling_a_Trinity__A_Digital_Approach_to_Mod.xml,,af,
2019,eng,data/eng/ADHO-DH/2019/tei/ROSSELLI_DEL_TURCO_Roberto_DSE_Visualisation_with_EVT__Simpl.xml,,af,
2019,eng,data/eng/ADHO-DH/2019/tei/ROVERA_Marco_Italian_Resistance_Goes_Digital__Event_And_Part.xml,,af,
2019,eng,data/eng/ADHO-DH/2019/tei/RYAN_Yann_Ciaran___How_the_World_Jogges___Interconnectedness.xml,,af,
2019,eng,data/eng/ADHO-DH/2019/tei/RYBICKI_Jan_Analysis_of_Writer_Text_Translator_Social_Networ.xml,,af,
2019,eng,data/eng/ADHO-DH/2019/tei/SAMOILOVA_Zhenya_Using_a_Feminist_and_Inclusive_Approach_for.xml,,af,
2019,eng,data/eng/ADHO-DH/2019/tei/SANDERS_GARCIA_Ashley_From_the_Margins_to_the_Center__A_Meth.xml,,af,
2019,eng,data/eng/ADHO-DH/2019/tei/SANZ_Amelia_Twining_Digital_Humanities_and_Humanidades_Digit.xml,,af,
2019,eng,data/eng/ADHO-DH/2019/tei/SARV_Mari_Digital_Folkloristics__Approaching_Variation_And_S.xml,,af,
2019,eng,data/eng/ADHO-DH/2019/tei/SCAGLIOLA_Stefania_Ranke_2___A_Teaching_Platform_for_Digital.xml,,af,
2019,eng,data/eng/ADHO-DH/2019/tei/SCHARNHORST_Andrea_Curating_and_Archiving_Linked_Data_Datase.xml,,af,
2019,eng,data/eng/ADHO-DH/2019/tei/SCH_CH_Christof_The_European_Literary_Text_Collection__ELTeC.xml,,af,
2019,eng,data/eng/ADHO-DH/2019/tei/SCHERER_Thomas_Between_Data_Mining_and_Human_Experience___Di.xml,,af,
2019,eng,data/eng/ADHO-DH/2019/tei/SCHL_R_Daniel_Classification_of_Text_Types_in_German_Novels.xml,,af,
2019,eng,data/eng/ADHO-DH/2019/tei/SCHMIDT_Thomas_Katharsis___A_Tool_for_Computational_Drametri.xml,,af,
2019,eng,data/eng/ADHO-DH/2019/tei/SCHOLGER_Walter_Ethics_and_Legality_in_the_Digital_Arts_and_.xml,,af,
2019,eng,data/eng/ADHO-DH/2019/tei/SCH_UBLE_Joshua_Modelling_Text_Genetic_Relationships.xml,,af,
2019,eng,data/eng/ADHO-DH/2019/tei/SCHUMANN_Anne_Kathrin_A_Finite_State_Approach_to_Automatic_G.xml,,af,
2019,eng,data/eng/ADHO-DH/2019/tei/SCHWARTZ_Daniel_L_Syriac_Persons__Events__and_Relations__A_L.xml,,af,
2019,eng,data/eng/ADHO-DH/2019/tei/SCHWARTZ_Michelle_Where_Our_Responsibilities_Lie__People__Me.xml,,af,
2019,eng,data/eng/ADHO-DH/2019/tei/SCHWEIZER_Tobias_Julius_An_Interactive__Multi_layer_Edition_.xml,,af,
2019,eng,data/eng/ADHO-DH/2019/tei/SERIF_Ina_A_Paper_Full_of_Things__Quantitative_and_Qualitati.xml,,af,
2019,eng,data/eng/ADHO-DH/2019/tei/SEYDI_Masoumeh_Al__urayy___the_Gazetteer_and_the_Geospatial_.xml,,af,
2019,eng,data/eng/ADHO-DH/2019/tei/SHANG_Wenyi_Modelling_Poetic_Similarity__A_Comparative_Study.xml,,af,
2019,eng,data/eng/ADHO-DH/2019/tei/SHIBUTANI_Ayako_Constructing_A_New_Science_Framework_In_Japa.xml,,af,
2019,eng,data/eng/ADHO-DH/2019/tei/SMEENK_Kim_Grounding_Paradigmatic_Shifts_In_Newspaper_Report.xml,,af,
2019,eng,data/eng/ADHO-DH/2019/tei/SMEETS_Roel_Modelling_Conflicts_Between_Characters_in_Presen.xml,,af,
2019,eng,data/eng/ADHO-DH/2019/tei/SMITH_David_Neel_A_Corpus_linguistic_Approach_to_the_Analysi.xml,,af,
2019,eng,data/eng/ADHO-DH/2019/tei/SMITHIES_James_Dakin_Clearing_the_Air_for_Maintenance_and_Re.xml,,af,
2019,eng,data/eng/ADHO-DH/2019/tei/SOUTHALL_Humphrey_Capturing_the_Geography_of_1900s_Britain_a.xml,,af,
2019,eng,data/eng/ADHO-DH/2019/tei/SOWERBY_Zachary_David_Encoding_Ancient_Greek_Music.xml,,af,
2019,eng,data/eng/ADHO-DH/2019/tei/SPADINI_Elena_Collating_Medieval_Vernacular_Texts__Aligning_.xml,,af,
2019,eng,data/eng/ADHO-DH/2019/tei/SPENCE_Paul_Joseph_Topographies_of_Digital_Modern__Foreign__.xml,,af,
2019,eng,data/eng/ADHO-DH/2019/tei/SPERBERG_MCQUEEN_Michael_Bootstrapping_Project_specific_Spel.xml,,af,
2019,eng,data/eng/ADHO-DH/2019/tei/SPRUGNOLI_Rachele_Word_Embeddings_for_Processing_Historical_.xml,,af,
2019,eng,data/eng/ADHO-DH/2019/tei/STAPEL_Rombert_Towards_a_national_collaborative_network__Spa.xml,,af,
2019,eng,data/eng/ADHO-DH/2019/tei/STEINER_Christian_Cooking_Recipes_of_the_Middle_Ages__Corpus.xml,,af,
2019,eng,data/eng/ADHO-DH/2019/tei/STEINER_Elisabeth_A_Kind_of_Magic__Migrating_a_Large_Digital.xml,,af,
2019,eng,data/eng/ADHO-DH/2019/tei/STELL_John_Qualitative_Space_of_Poetry.xml,,af,
2019,eng,data/eng/ADHO-DH/2019/tei/ST_KL_BEN_EZRA_Daniel_Tikkoun_Sofrim___Combining_HTR_and_Cro.xml,,af,
2019,eng,data/eng/ADHO-DH/2019/tei/STOKES_Peter_Anthony_Analysing_Visual_Communication_in_Theor.xml,,af,
2019,eng,data/eng/ADHO-DH/2019/tei/STOKES_Peter_Anthony_EScripta__A_New_Digital_Platform_for_th.xml,,af,
2019,eng,data/eng/ADHO-DH/2019/tei/STR_BEL_Phillip_Benjamin_Improving_OCR_of_Black_Letter_in_Hi.xml,,af,
2019,eng,data/eng/ADHO-DH/2019/tei/STURGEON_Stephen_Craig_The_Digital_Humanities_Certificate_Op.xml,,af,
2019,eng,data/eng/ADHO-DH/2019/tei/STUTZMANN_Dominique_Integrated_DH__Rationale_of_the_HORAE_Re.xml,,af,
2019,eng,data/eng/ADHO-DH/2019/tei/TAKEDA_Joseph_One_More_Time_With_Feeling__Revisiting_XPointe.xml,,af,
2019,eng,data/eng/ADHO-DH/2019/tei/TESZELSZKY_Kees__Alle_Begjin_Is_Swier___The_Use_Of_The_Frisi.xml,,af,
2019,eng,data/eng/ADHO-DH/2019/tei/THOMAE_Martha_Eladia_Taking_Digital_Humanities_to_Guatemala_.xml,,af,
2019,eng,data/eng/ADHO-DH/2019/tei/THOMPSON_Mark_L__Atlantic_Journeys_through_a_Dutch_City_s_Pa.xml,,af,
2019,eng,data/eng/ADHO-DH/2019/tei/THWAITES_Denise_Penelope_Blocumenta__An_Experimental_Art_Pro.xml,,af,
2019,eng,data/eng/ADHO-DH/2019/tei/TILTON_Lauren_AVinDH_SIG_Workshop.xml,,af,
2019,eng,data/eng/ADHO-DH/2019/tei/TILTON_Lauren_Exploring_Audiovisual_Corpora_in_the_Humanitie.xml,,af,
2019,eng,data/eng/ADHO-DH/2019/tei/TONRA_Justin_Emmet_Poetry_In_Motion__Quantified_Self_Data_An.xml,,af,
2019,eng,data/eng/ADHO-DH/2019/tei/TSAI_Richard_Tzong_Han_Climate_Event_Classification_Based_on.xml,,af,
2019,eng,data/eng/ADHO-DH/2019/tei/TSAI_Richard_Tzong_Han_Event_Extraction_on_Classical_Chinese.xml,,af,
2019,eng,data/eng/ADHO-DH/2019/tei/TSUI_Lik_Hang_Defining_and_Debating_Digital_Humanities_in_Ch.xml,,af,
2019,eng,data/eng/ADHO-DH/2019/tei/T_TH_CZIFRA_Erzs_bet_Navigating_the_Complex_Landscape_of_Dig.xml,,af,
2019,eng,data/eng/ADHO-DH/2019/tei/TURTON_Alexander_Robert_Operationalising_Ambiguity__Mapping_.xml,,af,
2019,eng,data/eng/ADHO-DH/2019/tei/TWEHEYO_Robert_Collaborative_Decision_Making_and_Food_Securi.xml,,af,
2019,eng,data/eng/ADHO-DH/2019/tei/UESAKA_Ayaka_Exploration_of_the_Seventeenth_Century_Japanese.xml,,af,
2019,eng,data/eng/ADHO-DH/2019/tei/ULLYOT_Michael_The_Augmented_Criticism_Lab_s_Sonnet_Database.xml,,af,
2019,eng,data/eng/ADHO-DH/2019/tei/UMERLE_Tomasz_From_a_Reference_Book_to_Research_Data__Litera.xml,,af,
2019,eng,data/eng/ADHO-DH/2019/tei/UMERLE_Tomasz_Polish_Literary_Bibliography___New_Research_Da.xml,,af,
2019,eng,data/eng/ADHO-DH/2019/tei/USLU_Tolga_BigSense__a_Word_Sense_Disambiguator_for_Big_Data.xml,,af,
2019,eng,data/eng/ADHO-DH/2019/tei/UYOLA_Rosalie_DHK12__Open_Access_Digital_Humanities_Curricul.xml,,af,
2019,eng,data/eng/ADHO-DH/2019/tei/VAARA_Ville_Publishers__Printers_and_Booksellers___Implicati.xml,,af,
2019,eng,data/eng/ADHO-DH/2019/tei/VAN_BERCHUM_Marnix_Tracing_People__Places_And_Dates_In_An_Ea.xml,,af,
2019,eng,data/eng/ADHO-DH/2019/tei/VAN_CRANENBURGH_Andreas_The_Literary_Pepsi_Challenge__intrin.xml,,af,
2019,eng,data/eng/ADHO-DH/2019/tei/VAN_DEN_HEUVEL_Henk_A_Transcription_Portal_for_Oral_History_.xml,,af,
2019,eng,data/eng/ADHO-DH/2019/tei/VAN_GALEN_Quintus_Durchdruck_im_Fokus__Visualising_the_Spati.xml,,af,
2019,eng,data/eng/ADHO-DH/2019/tei/VAN_LANGE_Milan_Mikolaj_Tantrums_and_Traitors__a_Diachronic_.xml,,af,
2019,eng,data/eng/ADHO-DH/2019/tei/VAN_LIT_Cornelis_Workshop__From_Manuscript_to_Text_Analytics.xml,,af,
2019,eng,data/eng/ADHO-DH/2019/tei/VAN_ZUNDERT_Joris_Job_Is_There_Anything_It_Is_Like_To_Be_a_T.xml,,af,
2019,eng,data/eng/ADHO-DH/2019/tei/VERHOEVEN_Deb_Intellectual_Networks_and_Cultural_Networks__K.xml,,af,
2019,eng,data/eng/ADHO-DH/2019/tei/VIGLIENSONI_Gabriel_Overcoming_the_Challenges_of_Optical_Mus.xml,,af,
2019,eng,data/eng/ADHO-DH/2019/tei/VITALI_Giovanni_Pietro_Mapping_Fascist_Repression__Following.xml,,af,
2019,eng,data/eng/ADHO-DH/2019/tei/VITALI_ROSATI_Marcello_Toward_a_Theory_of_Editorialization.xml,,af,
2019,eng,data/eng/ADHO-DH/2019/tei/VITT_Thorsten_Determining_And_Visualizing_Genesis__A_Digital.xml,,af,
2019,eng,data/eng/ADHO-DH/2019/tei/VOGELER_Georg_Implementing_the_Assertive_Edition_for_Histori.xml,,af,
2019,eng,data/eng/ADHO-DH/2019/tei/VON_VLAHOVITS_Frederic_IncipitSearch__a_guide_to_collaborati.xml,done,af,
2019,eng,data/eng/ADHO-DH/2019/tei/WAGNER_Cosima_Towards_Multilingualism_In_Digital_Humanities_.xml,,af,
2019,eng,data/eng/ADHO-DH/2019/tei/WAGNER_Simon_SemAntic__A_Semantic_Image_Annotation_Tool_For_.xml,,af,
2019,eng,data/eng/ADHO-DH/2019/tei/WANDL_VOGT_Eveline__A_Project_Review_Under_The_Focus_Of_Comp.xml,,af,
2019,eng,data/eng/ADHO-DH/2019/tei/WANDL_VOGT_Eveline_Complexity_And_Uncertainty_In_DH_Projects.xml,,af,
2019,eng,data/eng/ADHO-DH/2019/tei/WANG_Sean_RISE_and_SHINE__A_Modular_and_Decentralized_Approa.xml,,af,
2019,eng,data/eng/ADHO-DH/2019/tei/WAXMAN_Joshua_A_Graph_Database_of_Scholastic_Relationships_i.xml,,af,
2019,eng,data/eng/ADHO-DH/2019/tei/WCI_LIK_Piotr_Mediating_Research_Through_Technology___NEP4DI.xml,,af,
2019,eng,data/eng/ADHO-DH/2019/tei/WEINFURTNER_Anne_How_to_Better_Find_Historical_Photographs_i.xml,,af,
2019,eng,data/eng/ADHO-DH/2019/tei/WENDELL_Augustus_Agent_Based_Modeling_in_Art_History__Simula.xml,,af,
2019,eng,data/eng/ADHO-DH/2019/tei/WEVERS_Melvin_Advertising_Gender___Using_Computer_Vision_to_.xml,,af,
2019,eng,data/eng/ADHO-DH/2019/tei/WIERING_Frans_A_Mobile_Website_To_Support_Teachers_In_Discus.xml,,af,
2019,eng,data/eng/ADHO-DH/2019/tei/WILLIAMSON_Elizabeth_Encoding_Early_Modern_English_Drama__Em.xml,,af,
2019,eng,data/eng/ADHO-DH/2019/tei/WILLKOMM_Jens_The_CHQL_Query_Language_for_Conceptual_History.xml,done,af,query languages annotated
2019,eng,data/eng/ADHO-DH/2019/tei/WILLKOMM_Jens_Using_Ngrams_to_Develop_a_Query_Algebra_for_Co.xml,,af,
2019,eng,data/eng/ADHO-DH/2019/tei/WILMS_Lotte_Digital_Humanities_in_European_Research_Librarie.xml,,af,
2019,eng,data/eng/ADHO-DH/2019/tei/WINDHOUWER_Menzo_Aart_ISEBEL_an_Intelligent_Search_Engine_fo.xml,,af,
2019,eng,data/eng/ADHO-DH/2019/tei/WINSLOW_Sean_Michael_Madgwas__a_Database_of_Ethiopian_Bindin.xml,,af,
2019,eng,data/eng/ADHO-DH/2019/tei/WINSLOW_Sean_Michael_Migrating_Charters_into_the_TEI_P5.xml,,af,
2019,eng,data/eng/ADHO-DH/2019/tei/WISDOM_Stella_The_Complexities_of_Video_Games_and_Education_.xml,,af,
2019,eng,data/eng/ADHO-DH/2019/tei/WISSIK_Tanja_E_Lexicography_Between_Digital_Humanities_And_A.xml,,af,
2019,eng,data/eng/ADHO-DH/2019/tei/WRISLEY_David_Joseph_Active_Learning_from_Scratch_in_Diverse.xml,,af,
2019,eng,data/eng/ADHO-DH/2019/tei/WULFMAN_Clifford_Edward_Complexities_in_the_Use__Analysis__a.xml,,af,
2019,eng,data/eng/ADHO-DH/2019/tei/WUTTKE_Ulrike_The_PARTHENOS_Training_Suite__Empowering_eHuma.xml,,af,
2019,eng,data/eng/ADHO-DH/2019/tei/YEAGER_Sean_A__Visualizing_the_Temporal_Space_of_Narratives.xml,,af,
2019,eng,data/eng/ADHO-DH/2019/tei/ZAAGSMA_Gerben_Zaagsma_Digital_History_and_the_Politics_of_D.xml,,af,
2019,eng,data/eng/ADHO-DH/2019/tei/ZAUGG_Isabelle_Alice_Global_Language_Justice_in_the_Digital_.xml,,af,
2019,eng,data/eng/ADHO-DH/2019/tei/ZERVANOU_Kalliopi_Materia_on_the_Move__Trade___Colonisation_.xml,,af,
2019,eng,data/eng/ADHO-DH/2019/tei/ZUANNI_Chiara_Data_in_Museums__Digital_Practices_and_Contemp.xml,,af,
2016,deu,data/deu/ADHO-DH/2016/tei/15.xml,done,af,
2016,deu,data/deu/ADHO-DH/2016/tei/178.xml,done,af,
2016,deu,data/deu/ADHO-DH/2016/tei/204.xml,done,af,no software found
2016,deu,data/deu/ADHO-DH/2016/tei/336.xml,,af,
2019,deu,data/deu/ADHO-DH/2019/tei/MILDE_Jan_Torsten_A_Web_Based_Tool_for_the_Annotation_of_Scr.xml,,af,
